{"segments": [{"routeID": 2026020600001, "segment_id": "2026020600001:0", "operationID": 202602060001, "vehicleID": "TW_000000006", "vehicleType": "IONIQ5", "routeInfo": 0, "originStationID": "S233007690", "originDeptTime": 202602060816, "destStationID": "S233007880", "destDeptTime": 202602060828, "originMs": 1770333360000, "destMs": 1770334080000, "polyline": [[126.8026311, 37.2406814], [126.8026359, 37.2406256], [126.8026392, 37.2405869], [126.8030195, 37.2380806], [126.8030328, 37.2380496], [126.8031441, 37.2377903], [126.8032492, 37.2375369], [126.8032627, 37.2375062], [126.8033638, 37.2372735], [126.8037374, 37.236402], [126.8037547, 37.2363489], [126.8041688, 37.2324612], [126.804189, 37.2324125], [126.8045453, 37.2315666], [126.8047046, 37.2311906], [126.804813, 37.2309376], [126.8048945, 37.2307741], [126.8051248, 37.2304342], [126.8054699, 37.2301059], [126.8055163, 37.2300686], [126.8076606, 37.2291164], [126.8076953, 37.2290872], [126.8089031, 37.2277399], [126.8089319, 37.227707], [126.810697, 37.2253343]], "dispatchIDs": [], "events": {"origin": {"board": {"passenger": 0, "wheelchair": 0}, "alight": {"passenger": 0, "wheelchair": 0}}, "dest": {"board": {"passenger": 0, "wheelchair": 0}, "alight": {"passenger": 0, "wheelchair": 0}}}}, {"routeID": 2026020600002, "segment_id": "2026020600002:1", "operationID": 202602060001, "vehicleID": "TW_000000006", "vehicleType": "IONIQ5", "routeInfo": 1, "originStationID": "S233007880", "originDeptTime": 202602060828, "destStationID": "S233009200", "destDeptTime": 202602060839, "originMs": 1770334080000, "destMs": 1770334740000, "polyline": [[126.810697, 37.2253343], [126.814285, 37.2197476], [126.8073907, 37.2198692], [126.8073642, 37.2198975], [126.8013396, 37.2224847], [126.8013256, 37.2225141], [126.8013551, 37.2228014], [126.8013622, 37.2228367], [126.8013186, 37.2228425], [126.7972285, 37.2250494], [126.8046697, 37.2299194], [126.805063, 37.2299916], [126.8055163, 37.2300686], [126.8055806, 37.2300084]], "dispatchIDs": ["D66cc94e31"], "events": {"origin": {"board": {"passenger": 1, "wheelchair": 1}, "alight": {"passenger": 0, "wheelchair": 0}}, "dest": {"board": {"passenger": 0, "wheelchair": 0}, "alight": {"passenger": 1, "wheelchair": 1}}}}, {"routeID": 2026020600003, "segment_id": "2026020600003:2", "operationID": 202602060001, "vehicleID": "TW_000000006", "vehicleType": "IONIQ5", "routeInfo": 2, "originStationID": "S233009200", "originDeptTime": 202602060839, "destStationID": "S233000900", "destDeptTime": 202602060858, "originMs": 1770334740000, "destMs": 1770335880000, "polyline": [[126.8055806, 37.2300084], [126.8076606, 37.2291164], [126.8076953, 37.2290872], [126.8089031, 37.2277399], [126.8089319, 37.227707], [126.814285, 37.2197476], [126.8073907, 37.2198692], [126.8143385, 37.2197362], [126.8143212, 37.2197563], [126.8099281, 37.2266154], [126.8098953, 37.2266533], [126.8089604, 37.2277236], [126.8089318, 37.2277556], [126.807725, 37.2291012], [126.8076934, 37.2291283], [126.80558, 37.2300788], [126.8055341, 37.2301159], [126.8051529, 37.2304529], [126.8048713, 37.2308901], [126.8048376, 37.2309637], [126.8047366, 37.2311993], [126.8045772, 37.2315754], [126.8042241, 37.2324121], [126.8042046, 37.2324592], [126.8037935, 37.2363507], [126.8037789, 37.2363975], [126.80367, 37.2366689], [126.8036524, 37.2367087], [126.8034994, 37.2370627], [126.8033132, 37.2374893], [126.8033005, 37.2375189], [126.8030685, 37.2380574], [126.8030548, 37.2380885], [126.80262, 37.2394734], [126.8026229, 37.2395194], [126.802683, 37.240589], [126.8028795, 37.2405987]], "dispatchIDs": [], "events": {"origin": {"board": {"passenger": 0, "wheelchair": 0}, "alight": {"passenger": 0, "wheelchair": 0}}, "dest": {"board": {"passenger": 0, "wheelchair": 0}, "alight": {"passenger": 0, "wheelchair": 0}}}}]}